MaCB,MaYT
CB05197,YT0016
CB05165,YT0012
CB05165,YT0014
CB04567,YT0016
CB04567,YT0003
CB04049,YT0004
CB04049,YT0002
CB05525,YT0004
CB05525,YT0001
CB05525,YT0018
CB04485,YT0003
CB04485,YT0017
CB04351,YT0002
CB05193,YT0013
CB05193,YT0019
CB05630,YT0019
CB05630,YT0008
CB04522,YT0004
CB04522,YT0006
CB04680,YT0017
CB04680,YT0016
CB04478,YT0017
CB04478,YT0005
CB04478,YT0001
CB04070,YT0006
CB04070,YT0005
CB04070,YT0019
CB04099,YT0014
CB04099,YT0003
CB04099,YT0011
CB04210,YT0011
CB04532,YT0012
CB04532,YT0014
CB04864,YT0017
CB04413,YT0008
CB04413,YT0018
CB04413,YT0001
CB04570,YT0010
CB04570,YT0007
CB04462,YT0009
CB04576,YT0002
CB04576,YT0009
CB04576,YT0010
CB05277,YT0009
CB05277,YT0018
CB05277,YT0014
CB04495,YT0003
CB04495,YT0012
CB04495,YT0014
CB04298,YT0014
CB04298,YT0006
CB04479,YT0003
CB04479,YT0009
CB04479,YT0011
CB05598,YT0006
CB05598,YT0012
CB04173,YT0007
CB04173,YT0012
CB04261,YT0020
CB04261,YT0016
CB05080,YT0017
CB05080,YT0013
CB05653,YT0010
CB04259,YT0009
CB04259,YT0003
CB04259,YT0014
CB04383,YT0015
CB04383,YT0011
CB04383,YT0001
CB05307,YT0002
CB05307,YT0001
CB05307,YT0012
CB05543,YT0008
CB05543,YT0006
CB04889,YT0015
CB04339,YT0019
CB04339,YT0014
CB04339,YT0015
CB04741,YT0014
CB04741,YT0015
CB04741,YT0010
CB05626,YT0004
CB05626,YT0009
CB05190,YT0007
CB05190,YT0014
CB05190,YT0009
CB04065,YT0013
CB04065,YT0009
CB04065,YT0007
CB04679,YT0020
CB04300,YT0013
CB04300,YT0018
CB04300,YT0011
CB05175,YT0013
CB05175,YT0017
CB04023,YT0020
CB04023,YT0014
CB04628,YT0002
CB04352,YT0004
CB04352,YT0017
CB04352,YT0007
CB04613,YT0013
CB04887,YT0011
CB05052,YT0004
CB05052,YT0003
CB05414,YT0010
CB05414,YT0019
CB05414,YT0001
CB05298,YT0012
CB04548,YT0002
CB04943,YT0015
CB04943,YT0020
CB04943,YT0001
CB04931,YT0020
CB05586,YT0001
CB05586,YT0016
CB05586,YT0005
CB05395,YT0007
CB05395,YT0017
CB05395,YT0010
CB05444,YT0004
CB05444,YT0009
CB05444,YT0018
CB05262,YT0005
CB05262,YT0014
CB05262,YT0001
CB05622,YT0005
CB05622,YT0003
CB05622,YT0010
CB05318,YT0007
CB04756,YT0001
CB04756,YT0004
CB04756,YT0010
CB04585,YT0013
CB04585,YT0017
CB04115,YT0003
CB04115,YT0013
CB05160,YT0015
CB05160,YT0004
CB05160,YT0008
CB05647,YT0003
CB05647,YT0018
CB04029,YT0014
CB04029,YT0013
CB05191,YT0012
CB05191,YT0001
CB04527,YT0004
CB04527,YT0003
CB04244,YT0012
CB04244,YT0002
CB04244,YT0011
CB04162,YT0008
CB04162,YT0020
CB04765,YT0019
CB04765,YT0003
CB04765,YT0018
CB04030,YT0010
CB04030,YT0016
CB04906,YT0015
CB04906,YT0006
CB04906,YT0014
CB05440,YT0013
CB05440,YT0020
CB04427,YT0019
CB04270,YT0014
CB04270,YT0013
CB04270,YT0011
CB05163,YT0017
CB04275,YT0020
CB04366,YT0013
CB04366,YT0019
CB04422,YT0012
CB04422,YT0015
CB04422,YT0010
CB05053,YT0010
CB05053,YT0015
CB05053,YT0014
CB04497,YT0020
CB04497,YT0001
CB05551,YT0010
CB04617,YT0003
CB04617,YT0002
CB05380,YT0006
CB05380,YT0013
CB05380,YT0008
CB05636,YT0001
CB04914,YT0015
CB04203,YT0007
CB04203,YT0017
CB04203,YT0009
CB05424,YT0005
CB05424,YT0015
CB05471,YT0020
CB05471,YT0013
CB04881,YT0010
CB04881,YT0004
CB04881,YT0011
CB05331,YT0004
CB05169,YT0007
CB04032,YT0019
CB04481,YT0002
CB04481,YT0009
CB04481,YT0018
CB05090,YT0018
CB05090,YT0005
CB04598,YT0008
CB04598,YT0013
CB04598,YT0009
CB04582,YT0015
CB04582,YT0008
CB04946,YT0015
CB04946,YT0002
CB04414,YT0012
CB04414,YT0005
CB04414,YT0014
CB05341,YT0008
CB05341,YT0009
CB04168,YT0005
CB04168,YT0019
CB04168,YT0014
CB05094,YT0020
CB05094,YT0008
CB05131,YT0002
CB04044,YT0003
CB05189,YT0013
CB05189,YT0006
CB05189,YT0003
CB04382,YT0002
CB05673,YT0020
CB05673,YT0010
CB04855,YT0018
CB05034,YT0003
CB04619,YT0004
CB04619,YT0010
CB04619,YT0017
CB05536,YT0017
CB05536,YT0019
CB04059,YT0010
CB04185,YT0016
CB04185,YT0002
CB04069,YT0020
CB04781,YT0006
CB04707,YT0012
CB04707,YT0014
CB04707,YT0018
CB04859,YT0018
CB04859,YT0017
CB04583,YT0005
CB05247,YT0014
CB05247,YT0009
CB05247,YT0020
CB05358,YT0014
CB04078,YT0011
CB04078,YT0005
CB04078,YT0020
CB04551,YT0004
CB05006,YT0020
CB05006,YT0016
CB05006,YT0007
CB05200,YT0018
CB04135,YT0014
CB05662,YT0008
CB05662,YT0017
CB04439,YT0005
CB04439,YT0016
CB04439,YT0011
CB04398,YT0013
CB04552,YT0012
CB04371,YT0007
CB04371,YT0017
CB04371,YT0009
CB04220,YT0011
CB04220,YT0005
CB04289,YT0011
CB04493,YT0006
CB04493,YT0003
CB05001,YT0007
CB05001,YT0012
CB05422,YT0002
CB05422,YT0009
CB04701,YT0014
CB04297,YT0014
CB05624,YT0001
CB05624,YT0002
CB05624,YT0016
CB04787,YT0010
CB05433,YT0007
CB04124,YT0008
CB04124,YT0010
CB05311,YT0008
CB05311,YT0017
CB04303,YT0014
CB04303,YT0011
CB04303,YT0005
CB04247,YT0006
CB04247,YT0011
CB04247,YT0003
CB04730,YT0012
CB04730,YT0011
CB04940,YT0016
CB04940,YT0004
CB04342,YT0018
CB04405,YT0020
CB04629,YT0011
CB04629,YT0016
CB04629,YT0013
CB04416,YT0017
CB04425,YT0002
CB04425,YT0001
CB04425,YT0012
CB05000,YT0017
CB05000,YT0020
CB04677,YT0008
CB04677,YT0014
CB04677,YT0019
CB05435,YT0016
CB05435,YT0013
CB05435,YT0014
CB05091,YT0003
CB05091,YT0002
CB05091,YT0009
CB04411,YT0003
CB04664,YT0016
CB04736,YT0010
CB04736,YT0012
CB05063,YT0003
CB05063,YT0016
CB05608,YT0011
CB05608,YT0013
CB05450,YT0018
CB05450,YT0016
CB05450,YT0007
CB04839,YT0012
CB04839,YT0011
CB04839,YT0009
CB04073,YT0013
CB04073,YT0012
CB04073,YT0005
CB04109,YT0018
CB04109,YT0003
CB04109,YT0010
CB04271,YT0003
CB04271,YT0014
CB04271,YT0005
CB04490,YT0009
CB04722,YT0002
CB04722,YT0005
CB04722,YT0019
CB05364,YT0011
CB05365,YT0013
CB05365,YT0003
CB04962,YT0013
CB04962,YT0012
CB04962,YT0005
CB05140,YT0006
CB05140,YT0005
CB04482,YT0004
CB04482,YT0016
CB04482,YT0015
CB04051,YT0007
CB04051,YT0001
CB04433,YT0007
CB04076,YT0007
CB04076,YT0011
CB04076,YT0008
CB05561,YT0005
CB05561,YT0020
CB04494,YT0010
CB04494,YT0002
CB04494,YT0001
CB04188,YT0005
CB04188,YT0015
CB04188,YT0018
CB04420,YT0005
CB04534,YT0011
CB04534,YT0007
CB04836,YT0019
CB04836,YT0005
CB04836,YT0014
CB04123,YT0018
CB04123,YT0019
CB04832,YT0020
CB05210,YT0013
CB05210,YT0003
CB05210,YT0016
CB04816,YT0010
CB05378,YT0010
CB04710,YT0001
CB04710,YT0016
CB05432,YT0007
CB04829,YT0009
CB04829,YT0002
CB04829,YT0014
CB05512,YT0011
CB05512,YT0019
CB05512,YT0005
CB04660,YT0017
CB04660,YT0009
CB04660,YT0002
CB04316,YT0001
CB04316,YT0004
CB04316,YT0020
CB04964,YT0017
CB04964,YT0014
CB04892,YT0007
CB04892,YT0018
CB04892,YT0012
CB05249,YT0013
CB04786,YT0020
CB04786,YT0003
CB04786,YT0005
CB05276,YT0009
CB05460,YT0001
CB05460,YT0020
CB04381,YT0005
CB04381,YT0011
CB04381,YT0013
CB04067,YT0007
CB04067,YT0020
CB04067,YT0004
CB04212,YT0011
CB04555,YT0016
CB04555,YT0008
CB04141,YT0012
CB05203,YT0016
CB05203,YT0011
CB04810,YT0009
CB04810,YT0015
CB04810,YT0008
CB04938,YT0007
CB04938,YT0019
CB04938,YT0002
CB05018,YT0012
CB05018,YT0002
CB04584,YT0014
CB04584,YT0009
CB05360,YT0020
CB05360,YT0006
CB05360,YT0007
CB05133,YT0007
CB05144,YT0004
CB05144,YT0015
CB05144,YT0010
CB05357,YT0013
CB04813,YT0008
CB04813,YT0015
CB04813,YT0009
CB04844,YT0015
CB04905,YT0014
CB04905,YT0010
CB04905,YT0016
CB04239,YT0019
CB04184,YT0003
CB04184,YT0016
CB04184,YT0010
CB05615,YT0006
CB05615,YT0016
CB04752,YT0009
CB04752,YT0018
CB04752,YT0007
CB04344,YT0005
CB04344,YT0008
CB04353,YT0004
CB04353,YT0008
CB04353,YT0016
CB04250,YT0011
CB05447,YT0014
CB05447,YT0017
CB05447,YT0007
CB04464,YT0018
CB05187,YT0014
CB04518,YT0006
CB04518,YT0016
CB04518,YT0002
CB05562,YT0011
CB04694,YT0018
CB05170,YT0010
CB05170,YT0017
CB05170,YT0020
CB04678,YT0014
CB04678,YT0004
CB04237,YT0003
CB04798,YT0005
CB04798,YT0003
CB04798,YT0014
CB04331,YT0004
CB04331,YT0014
CB04808,YT0004
CB04808,YT0013
CB05239,YT0008
CB04251,YT0012
CB05103,YT0016
CB05103,YT0015
CB05103,YT0002
CB04426,YT0018
CB04426,YT0007
CB04426,YT0013
CB04754,YT0019
CB04754,YT0017
CB04634,YT0015
CB05504,YT0010
CB04712,YT0017
CB04712,YT0018
CB05050,YT0016
CB05050,YT0001
CB04843,YT0017
CB04843,YT0020
CB04843,YT0009
CB04873,YT0014
CB04873,YT0003
CB05054,YT0002
CB05054,YT0008
CB05054,YT0015
CB04240,YT0020
CB04755,YT0003
CB04755,YT0015
CB04755,YT0011
CB04611,YT0013
CB04611,YT0002
CB04611,YT0015
CB04486,YT0018
CB05196,YT0017
CB05196,YT0010
CB04601,YT0010
CB04601,YT0015
CB05573,YT0014
CB05573,YT0015
CB04590,YT0008
CB04590,YT0018
CB04590,YT0019
CB04772,YT0020
CB04772,YT0007
CB04170,YT0005
CB04170,YT0015
CB04170,YT0010
CB04651,YT0014
CB04651,YT0002
CB04651,YT0010
CB04332,YT0003
CB04332,YT0014
CB04438,YT0005
CB04438,YT0008
CB04438,YT0003
CB05383,YT0018
CB05188,YT0015
CB05188,YT0019
CB05188,YT0013
CB04614,YT0001
CB04904,YT0011
CB04904,YT0013
CB05340,YT0020
CB05340,YT0005
CB05340,YT0012
CB04453,YT0016
CB04453,YT0020
CB05227,YT0020
CB05227,YT0001
CB05164,YT0001
CB05164,YT0006
CB04175,YT0007
CB05313,YT0011
CB05313,YT0020
CB05313,YT0012
CB04450,YT0016
CB04450,YT0018
CB04432,YT0002
CB04432,YT0013
CB05599,YT0004
CB05599,YT0018
CB04324,YT0020
CB04324,YT0015
CB04324,YT0012
CB04792,YT0016
CB04792,YT0005
CB04198,YT0006
CB04015,YT0002
CB04015,YT0007
CB05530,YT0005
CB04607,YT0006
CB04607,YT0011
CB04607,YT0010
CB04721,YT0018
CB04721,YT0010
CB04408,YT0013
CB04408,YT0007
CB04408,YT0004
CB05631,YT0016
CB04861,YT0004
CB05245,YT0018
CB05245,YT0002
CB05245,YT0016
CB05156,YT0011
CB05156,YT0009
CB04199,YT0005
CB04199,YT0012
CB05366,YT0008
CB04429,YT0011
CB04429,YT0016
CB05075,YT0015
CB05075,YT0007
CB05075,YT0020
CB05664,YT0006
CB05680,YT0019
CB05005,YT0014
CB05005,YT0008
CB05005,YT0005
CB05117,YT0014
CB05117,YT0003
CB05295,YT0011
CB05295,YT0015
CB05295,YT0004
CB04056,YT0019
CB04056,YT0008
CB05274,YT0017
CB04043,YT0018
CB04100,YT0016
CB04274,YT0009
CB04274,YT0015
CB04274,YT0006
CB05178,YT0013
CB05178,YT0019
CB04101,YT0016
CB04101,YT0011
CB04879,YT0002
CB04107,YT0019
CB04107,YT0020
CB04107,YT0007
CB05416,YT0019
CB04514,YT0014
CB04514,YT0019
CB04514,YT0015
CB04865,YT0020
CB04865,YT0019
CB05417,YT0003
CB05417,YT0011
CB05417,YT0019
CB04618,YT0003
CB04618,YT0006
CB04744,YT0002
CB04744,YT0016
CB04744,YT0012
CB04692,YT0013
CB04692,YT0007
CB05418,YT0002
CB05418,YT0014
CB05418,YT0003
CB05009,YT0004
CB05009,YT0016
CB04128,YT0011
CB04128,YT0004
CB04374,YT0016
CB04374,YT0014
CB04374,YT0015
CB04367,YT0003
CB04367,YT0004
CB05611,YT0014
CB05611,YT0015
CB05611,YT0011
CB05173,YT0017
CB05173,YT0002
CB05108,YT0006
CB05108,YT0014
CB05108,YT0009
CB04394,YT0009
CB04394,YT0002
CB04560,YT0009
CB04560,YT0012
CB04560,YT0010
CB04915,YT0005
CB04915,YT0001
CB04915,YT0020
CB05299,YT0006
CB05299,YT0002
CB05299,YT0016
CB05192,YT0013
CB05192,YT0011
CB05192,YT0010
CB04838,YT0011
CB04838,YT0015
CB04838,YT0002
CB05347,YT0018
CB04621,YT0012
CB04621,YT0010
CB04925,YT0015
CB04925,YT0003
CB05343,YT0014
CB05343,YT0012
CB05343,YT0006
CB05055,YT0012
CB05055,YT0007
CB05392,YT0004
CB05392,YT0010
CB05392,YT0009
CB05621,YT0002
CB05621,YT0017
CB05621,YT0011
CB05105,YT0007
CB05105,YT0015
CB04538,YT0017
CB04538,YT0011
CB04350,YT0007
CB04226,YT0007
CB04226,YT0018
CB04226,YT0006
CB04231,YT0014
CB04231,YT0015
CB04706,YT0018
CB04706,YT0009
CB04706,YT0015
CB05672,YT0017
CB05672,YT0004
CB05672,YT0005
CB04513,YT0020
CB04513,YT0019
CB04513,YT0017
CB04163,YT0008
CB04163,YT0006
CB05177,YT0001
CB05177,YT0013
CB05177,YT0017
CB04936,YT0007
CB04936,YT0008
CB04936,YT0016
CB04266,YT0015
CB04266,YT0013
CB04148,YT0004
CB04148,YT0020
CB04148,YT0003
CB04949,YT0003
CB04949,YT0001
CB04764,YT0012
CB04602,YT0002
CB05405,YT0013
CB04306,YT0019
CB04192,YT0014
CB04309,YT0008
CB04309,YT0016
CB04973,YT0012
CB04973,YT0020
CB04973,YT0018
CB04063,YT0020
CB04063,YT0015
CB05151,YT0012
CB05676,YT0002
CB05676,YT0012
CB05263,YT0006
CB05263,YT0010
CB05583,YT0018
CB05583,YT0013
CB05273,YT0010
CB05132,YT0006
CB04952,YT0007
CB04952,YT0013
CB05078,YT0016
CB04693,YT0002
CB04693,YT0019
CB04218,YT0018
CB04218,YT0013
CB04596,YT0011
CB04286,YT0006
CB04286,YT0011
CB04483,YT0004
CB05353,YT0009
CB04415,YT0014
CB04415,YT0012
CB04415,YT0013
CB04361,YT0003
CB04361,YT0016
CB04361,YT0018
CB04561,YT0018
CB04561,YT0010
CB04561,YT0008
CB05574,YT0016
CB05134,YT0001
CB05134,YT0016
CB05381,YT0018
CB05567,YT0012
CB05567,YT0004
CB05339,YT0014
CB05339,YT0007
CB04774,YT0014
CB04774,YT0001
CB05138,YT0001
CB05138,YT0016
CB05138,YT0002
CB05388,YT0007
CB05111,YT0003
CB05111,YT0006
CB05205,YT0008
CB04575,YT0017
CB04575,YT0008
CB05549,YT0018
CB05549,YT0020
CB05487,YT0014
CB05085,YT0008
CB05085,YT0001
CB05569,YT0014
CB05569,YT0016
CB05627,YT0013
CB05627,YT0016
CB04926,YT0002
CB04926,YT0014
CB04926,YT0018
CB04780,YT0020
CB04780,YT0007
CB05589,YT0009
CB05589,YT0006
CB05589,YT0012
CB05539,YT0003
CB04948,YT0005
CB05112,YT0014
CB04277,YT0009
CB05303,YT0006
CB05550,YT0017
CB05550,YT0002
CB04643,YT0002
CB04643,YT0010
CB04643,YT0003
CB05348,YT0010
CB05348,YT0007
CB05348,YT0013
CB04236,YT0009
CB04236,YT0004
CB04236,YT0010
CB04759,YT0005
CB04759,YT0009
CB05399,YT0014
CB05623,YT0009
CB05623,YT0002
CB05623,YT0010
CB05566,YT0006
CB05566,YT0011
CB05284,YT0009
CB05284,YT0016
CB05458,YT0016
CB04208,YT0004
CB04208,YT0020
CB05469,YT0012
CB05469,YT0019
CB05469,YT0009
CB05315,YT0007
CB05315,YT0002
CB04530,YT0013
CB04058,YT0005
CB04058,YT0004
CB05004,YT0016
CB05004,YT0014
CB05336,YT0018
CB05336,YT0003
CB04985,YT0011
CB04910,YT0006
CB05330,YT0017
CB05330,YT0013
CB05330,YT0004
CB04363,YT0013
CB04363,YT0010
CB04363,YT0005
CB05230,YT0004
CB05230,YT0009
CB05230,YT0011
CB04354,YT0009
CB04354,YT0008
CB04354,YT0001
CB05228,YT0013
CB05228,YT0005
CB05352,YT0015
CB05634,YT0017
CB05634,YT0015
CB05634,YT0018
CB05289,YT0003
CB05289,YT0020
CB05030,YT0011
CB05030,YT0020
CB05217,YT0009
CB05217,YT0019
CB04292,YT0004
CB04292,YT0006
CB05268,YT0005
CB05268,YT0015
CB05268,YT0014
CB05470,YT0009
CB04591,YT0009
CB04591,YT0005
CB04591,YT0014
CB05022,YT0013
CB05022,YT0006
CB05022,YT0005
CB05260,YT0015
CB05260,YT0018
CB05260,YT0010
CB04557,YT0016
CB04557,YT0018
CB04233,YT0013
CB04233,YT0007
CB04233,YT0011
CB04599,YT0013
CB04599,YT0016
CB04599,YT0001
CB05393,YT0006
CB05393,YT0014
CB04196,YT0013
CB04196,YT0014
CB05007,YT0016
CB05007,YT0010
CB04506,YT0007
CB05407,YT0013
CB05407,YT0016
CB05407,YT0006
CB04081,YT0003
CB04081,YT0004
CB05576,YT0004
CB05576,YT0006
CB05576,YT0002
CB04526,YT0016
CB05293,YT0001
CB05043,YT0014
CB05043,YT0005
CB04380,YT0017
CB04380,YT0008
CB04111,YT0006
CB05425,YT0013
CB04979,YT0011
CB05415,YT0016
CB04674,YT0011
CB04674,YT0008
CB04674,YT0019
CB05602,YT0019
CB05602,YT0020
CB05602,YT0010
CB04903,YT0012
CB04811,YT0013
CB04811,YT0002
CB05206,YT0015
CB04310,YT0011
CB04310,YT0020
CB05125,YT0009
CB05283,YT0007
CB05283,YT0014
CB05308,YT0018
CB05308,YT0008
CB05308,YT0009
CB05344,YT0006
CB05344,YT0016
CB05344,YT0008
CB04451,YT0009
CB05288,YT0012
CB04593,YT0009
CB04593,YT0010
CB04593,YT0020
CB05244,YT0016
CB05244,YT0007
CB05244,YT0003
CB05498,YT0016
CB04886,YT0005
CB04886,YT0004
CB05671,YT0012
CB05671,YT0005
CB05671,YT0004
CB05674,YT0018
CB05674,YT0002
CB05674,YT0016
CB04874,YT0019
CB04874,YT0009
CB04874,YT0001
CB04554,YT0010
CB04554,YT0017
CB04554,YT0019
CB05486,YT0018
CB05486,YT0002
CB05486,YT0017
CB05616,YT0008
CB05616,YT0015
CB05616,YT0005
CB04806,YT0015
CB04806,YT0007
CB04806,YT0003
CB04682,YT0007
CB04682,YT0017
CB04682,YT0013
CB04782,YT0012
CB04782,YT0004
CB04668,YT0017
CB04668,YT0012
CB04842,YT0015
CB04842,YT0005
CB04846,YT0019
CB04846,YT0006
CB05466,YT0009
CB05466,YT0004
CB05466,YT0011
CB04327,YT0004
CB04327,YT0013
CB04327,YT0020
CB04254,YT0006
CB04254,YT0016
CB04254,YT0015
CB05198,YT0014
CB05511,YT0004
CB05511,YT0016
CB04471,YT0007
CB04471,YT0014
CB04471,YT0004
CB04322,YT0004
CB04322,YT0001
CB04322,YT0009
CB05222,YT0001
CB05222,YT0006
CB05222,YT0011
CB05209,YT0009
CB05209,YT0007
CB05182,YT0015
CB05182,YT0019
CB05635,YT0017
CB05635,YT0015
CB05635,YT0012
CB04669,YT0013
CB04669,YT0016
CB04637,YT0018
CB04637,YT0020
CB04637,YT0001
CB04177,YT0014
CB04802,YT0003
CB04535,YT0005
CB04535,YT0014
CB04535,YT0003
CB04727,YT0010
CB04727,YT0019
CB04727,YT0012
CB04086,YT0005
CB04086,YT0017
CB04916,YT0010
CB04916,YT0009
CB04916,YT0014
CB05317,YT0004
CB05317,YT0002
CB05594,YT0002
CB04365,YT0017
CB04365,YT0012
CB05675,YT0003
CB05675,YT0007
CB05675,YT0006
CB04982,YT0019
CB04982,YT0018
CB04265,YT0011
CB04265,YT0013
CB04265,YT0014
CB04287,YT0014
CB05667,YT0018
CB05667,YT0019
CB05667,YT0008
CB04358,YT0015
CB04358,YT0005
CB04358,YT0008
CB04054,YT0010
CB04054,YT0018
CB04054,YT0001
CB05563,YT0005
CB05563,YT0010
CB05563,YT0008
CB05521,YT0003
CB04998,YT0015
CB05516,YT0011
CB05324,YT0018
CB04529,YT0013
CB04529,YT0005
CB04529,YT0010
CB04917,YT0008
CB04917,YT0006
CB04221,YT0014
CB04221,YT0010
CB04221,YT0020
CB04113,YT0008
CB04113,YT0002
CB04113,YT0009
CB04711,YT0013
CB04711,YT0007
CB04711,YT0003
CB05040,YT0015
CB05040,YT0016
CB05040,YT0003
CB04724,YT0002
CB04724,YT0020
CB04174,YT0012
CB05120,YT0010
CB05120,YT0004
CB05120,YT0014
CB05314,YT0011
CB04018,YT0019
CB04018,YT0013
CB04018,YT0001
CB04423,YT0013
CB04423,YT0019
CB04423,YT0018
CB05128,YT0018
CB05128,YT0014
CB04285,YT0018
CB04285,YT0017
CB05335,YT0008
CB04428,YT0014
CB04428,YT0009
CB05272,YT0009
CB05272,YT0019
CB04544,YT0004
CB04031,YT0019
CB04031,YT0006
CB04031,YT0015
CB05079,YT0004
CB04720,YT0013
CB04720,YT0007
CB04214,YT0016
CB04214,YT0011
CB04589,YT0007
CB04589,YT0018
CB04589,YT0012
CB04326,YT0013
CB04326,YT0010
CB04968,YT0003
CB04543,YT0013
CB04543,YT0004
CB04994,YT0014
CB04994,YT0009
CB04994,YT0016
CB04341,YT0006
CB04341,YT0011
CB04147,YT0018
CB04360,YT0006
CB04083,YT0009
CB04048,YT0004
CB04048,YT0011
CB04468,YT0005
CB04155,YT0017
CB04155,YT0005
CB04155,YT0002
CB05010,YT0020
CB05010,YT0010
CB05010,YT0005
CB05572,YT0003
CB05491,YT0010
CB05491,YT0014
CB05374,YT0002
CB05374,YT0014
CB04500,YT0016
CB04500,YT0004
CB04500,YT0003
CB04179,YT0020
CB04179,YT0018
CB04179,YT0001
CB04785,YT0007
CB04785,YT0015
CB04785,YT0013
CB04670,YT0007
CB04670,YT0010
CB04650,YT0016
CB04528,YT0008
CB04528,YT0011
CB04528,YT0010
CB04346,YT0004
CB04346,YT0008
CB05167,YT0004
CB05167,YT0012
CB05648,YT0003
CB04588,YT0012
CB04817,YT0015
CB05113,YT0007
CB05113,YT0012
CB05436,YT0002
CB05436,YT0001
CB04243,YT0002
CB04243,YT0001
CB05240,YT0018
CB04312,YT0002
CB04312,YT0015
CB04435,YT0002
CB04435,YT0006
CB04435,YT0015
CB05593,YT0016
CB05593,YT0004
CB04984,YT0008
CB04984,YT0002
CB04984,YT0019
CB04308,YT0014
CB04430,YT0012
CB04430,YT0014
CB04370,YT0018
CB04566,YT0006
CB05265,YT0016
CB04181,YT0020
CB05389,YT0011
CB05614,YT0006
CB05223,YT0014
CB05544,YT0015
CB05544,YT0001
CB05544,YT0006
CB04296,YT0013
CB04654,YT0018
CB04654,YT0011
CB04461,YT0010
CB04461,YT0018
CB04461,YT0012
CB05221,YT0017
CB05221,YT0012
CB05221,YT0001
CB04989,YT0020
CB04377,YT0012
CB05465,YT0016
CB05465,YT0003
CB04126,YT0017
CB04937,YT0019
CB04745,YT0002
CB04355,YT0013
CB04355,YT0011
CB04355,YT0001
CB05645,YT0016
CB05645,YT0005
CB05645,YT0018
CB04209,YT0011
CB04209,YT0016
CB04209,YT0002
CB04140,YT0012
CB05208,YT0002
CB05124,YT0012
CB04807,YT0015
CB05328,YT0008
CB05683,YT0009
CB05481,YT0010
CB05481,YT0016
CB05481,YT0015
CB05546,YT0012
CB05546,YT0005
CB05546,YT0002
CB05310,YT0004
CB05310,YT0002
CB04620,YT0012
CB04620,YT0004
CB04620,YT0002
CB04010,YT0008
CB04010,YT0017
CB04010,YT0007
CB04907,YT0008
CB04282,YT0002
CB04291,YT0019
CB04291,YT0018
CB04291,YT0008
CB05477,YT0007
CB04631,YT0001
CB04129,YT0005
CB04129,YT0010
CB04323,YT0012
CB04323,YT0018
CB04845,YT0014
CB04845,YT0010
CB04610,YT0009
CB05046,YT0001
CB05046,YT0015
CB04626,YT0011
CB04626,YT0001
CB05489,YT0015
CB05489,YT0005
CB05489,YT0016
CB04818,YT0007
CB04818,YT0009
CB04777,YT0018
CB04777,YT0006
CB04158,YT0017
CB04158,YT0015
CB04723,YT0020
CB04723,YT0008
CB04516,YT0016
CB05201,YT0009
CB05201,YT0005
CB04597,YT0001
CB04597,YT0019
CB04597,YT0010
CB04195,YT0018
CB04195,YT0007
CB04195,YT0006
CB05386,YT0007
CB04966,YT0018
CB04410,YT0017
CB04410,YT0002
CB04096,YT0015
CB04096,YT0017
CB04096,YT0018
CB05026,YT0006
CB05026,YT0012
CB05640,YT0016
CB04156,YT0016
CB04156,YT0004
CB04156,YT0019
CB04419,YT0010
CB04419,YT0001
CB04419,YT0016
CB05304,YT0016
CB05304,YT0002
CB05304,YT0001
CB04477,YT0002
CB04477,YT0019
CB04477,YT0016
CB04757,YT0001
CB04757,YT0012
CB05618,YT0015
CB05618,YT0001
CB05618,YT0017
CB05302,YT0017
CB05107,YT0012
CB05107,YT0007
CB05107,YT0002
CB04447,YT0012
CB05665,YT0004
CB05665,YT0019
CB05665,YT0007
CB04178,YT0008
CB04390,YT0015
CB04390,YT0001
CB04390,YT0008
CB04578,YT0013
CB04578,YT0004
CB04578,YT0009
CB05441,YT0006
CB05441,YT0010
CB05441,YT0011
CB05501,YT0010
CB05387,YT0005
CB05387,YT0001
CB05387,YT0012
CB05564,YT0002
CB05564,YT0006
CB05564,YT0010
CB05362,YT0006
CB05362,YT0014
CB05033,YT0006
CB05033,YT0019
CB05033,YT0011
CB04867,YT0004
CB04867,YT0002
CB04867,YT0012
CB04142,YT0010
CB04142,YT0009
CB05278,YT0001
CB04986,YT0006
CB04932,YT0009
CB04932,YT0002
CB04636,YT0016
CB04636,YT0009
CB04636,YT0012
CB05181,YT0012
CB05181,YT0005
CB05181,YT0014
CB04615,YT0018
CB04615,YT0006
CB04294,YT0013
CB04294,YT0014
CB04294,YT0008
CB04700,YT0014
CB04700,YT0020
CB05597,YT0002
CB05597,YT0014
CB04088,YT0016
CB04088,YT0014
CB04041,YT0020
CB05625,YT0009
CB05625,YT0005
CB05625,YT0008
CB04131,YT0017
CB04131,YT0010
CB05174,YT0004
CB04715,YT0008
CB04819,YT0019
CB04819,YT0004
CB04819,YT0011
CB05557,YT0004
CB05557,YT0011
CB05145,YT0015
CB05145,YT0010
CB04164,YT0001
CB04164,YT0011
CB04290,YT0008
CB04290,YT0020
CB04290,YT0006
CB05591,YT0004
CB05041,YT0018
CB05041,YT0013
CB05041,YT0017
CB04348,YT0001
CB04571,YT0005
CB04571,YT0013
CB04705,YT0006
CB05649,YT0011
CB04922,YT0016
CB04922,YT0015
CB04922,YT0012
CB05342,YT0003
CB05342,YT0017
CB05368,YT0014
CB04743,YT0019
CB04743,YT0006
CB04458,YT0020
CB04458,YT0011
CB04458,YT0006
CB04375,YT0002
CB04375,YT0007
CB04333,YT0004
CB04333,YT0020
CB04950,YT0006
CB04950,YT0018
CB04950,YT0014
CB05480,YT0003
CB05480,YT0011
CB05480,YT0006
CB05225,YT0006
CB05255,YT0014
CB05231,YT0004
CB05231,YT0009
CB05231,YT0003
CB05559,YT0001
CB05559,YT0019
CB04704,YT0013
CB04328,YT0007
CB04328,YT0002
CB04767,YT0008
CB04767,YT0003
CB04767,YT0010
CB04318,YT0020
CB04318,YT0012
CB04318,YT0017
CB05290,YT0017
CB05290,YT0013
CB05290,YT0003
CB05142,YT0011
CB05142,YT0020
CB05461,YT0010
CB05461,YT0016
CB05461,YT0020
CB04167,YT0019
CB04012,YT0014
CB04012,YT0007
CB04012,YT0009
CB04171,YT0018
CB04171,YT0019
CB04171,YT0005
CB04649,YT0001
CB04260,YT0015
CB04260,YT0001
CB05027,YT0006
CB05027,YT0015
CB05185,YT0010
CB05185,YT0002
CB05185,YT0008
CB04672,YT0015
CB04672,YT0006
CB04258,YT0018
CB04258,YT0017
CB04258,YT0020
CB04999,YT0006
CB04999,YT0014
CB04138,YT0009
CB04138,YT0010
CB04138,YT0008
CB04549,YT0006
CB04549,YT0012
CB04930,YT0010
CB04930,YT0003
CB04930,YT0015
CB05287,YT0013
CB05047,YT0017
CB05643,YT0009
CB05643,YT0018
CB04558,YT0012
CB04558,YT0018
CB04139,YT0004
CB04139,YT0001
CB05463,YT0007
CB05463,YT0002
CB05463,YT0016
CB04531,YT0009
CB04531,YT0015
CB04531,YT0004
CB04224,YT0009
CB05246,YT0003
CB05246,YT0019
CB05246,YT0002
CB04409,YT0007
CB04409,YT0009
CB04325,YT0020
CB04857,YT0010
CB04299,YT0007
CB04299,YT0008
CB05067,YT0010
CB05067,YT0015
CB04921,YT0019
CB04921,YT0013
CB04834,YT0012
CB04834,YT0015
CB04834,YT0019
CB05560,YT0013
CB05560,YT0012
CB04714,YT0011
CB04193,YT0010
CB04440,YT0004
CB04573,YT0019
CB04503,YT0001
CB04503,YT0005
CB04605,YT0014
CB04605,YT0010
CB04605,YT0011
CB05401,YT0011
CB05401,YT0003
CB05502,YT0001
CB04003,YT0016
CB05251,YT0009
CB05036,YT0013
CB04467,YT0013
CB04321,YT0009
CB04321,YT0018
CB04321,YT0015
CB04005,YT0006
CB04005,YT0010
CB04005,YT0011
CB04222,YT0014
CB04547,YT0015
CB04547,YT0003
CB04939,YT0005
CB04939,YT0003
CB04039,YT0006
CB04542,YT0001
CB04542,YT0004
CB04242,YT0003
CB04242,YT0017
CB04242,YT0012
CB04136,YT0005
CB04136,YT0009
CB05476,YT0014
CB05476,YT0011
CB05326,YT0014
CB05514,YT0006
CB05514,YT0008
CB05058,YT0020
CB05058,YT0008
CB05629,YT0014
CB05629,YT0006
CB05629,YT0005
CB05556,YT0011
CB04944,YT0018
CB04944,YT0019
CB05533,YT0004
CB05533,YT0020
CB05533,YT0019
CB04581,YT0001
CB04581,YT0011
CB04581,YT0005
CB05524,YT0019
CB05524,YT0001
CB05524,YT0009
CB05657,YT0006
CB05657,YT0009
CB05657,YT0012
CB04661,YT0017
CB04987,YT0014
CB04987,YT0010
CB04987,YT0019
CB05558,YT0009
CB04376,YT0014
CB04376,YT0011
CB04376,YT0003
CB05534,YT0019
CB04314,YT0007
CB04314,YT0005
CB04442,YT0004
CB04442,YT0003
CB05548,YT0009
CB05548,YT0011
CB04319,YT0005
CB05211,YT0003
CB05211,YT0016
CB05211,YT0010
CB05398,YT0018
CB05398,YT0010
CB05398,YT0011
CB05592,YT0002
CB05592,YT0020
CB05592,YT0001
CB05632,YT0019
CB04424,YT0017
CB04424,YT0004
CB04553,YT0018
CB04594,YT0014
CB04594,YT0018
CB04594,YT0013
CB05651,YT0020
CB05651,YT0005
CB05651,YT0013
CB04368,YT0010
CB04368,YT0003
CB04809,YT0006
CB04809,YT0019
CB04965,YT0013
CB05361,YT0003
CB05013,YT0009
CB04227,YT0006
CB04227,YT0009
CB04888,YT0015
CB04888,YT0020
CB04888,YT0004
CB05554,YT0001
CB05554,YT0005
CB05118,YT0001
CB05118,YT0003
CB05650,YT0012
CB04066,YT0014
CB04393,YT0006
CB04579,YT0001
CB04579,YT0010
CB04024,YT0016
CB04211,YT0014
CB04211,YT0018
CB04211,YT0002
CB05296,YT0008
CB05296,YT0016
CB05296,YT0006
CB05319,YT0001
CB05319,YT0015
CB04536,YT0002
CB04536,YT0013
CB04536,YT0014
CB04893,YT0017
CB05377,YT0009
CB05377,YT0013
CB05377,YT0014
CB04085,YT0001
CB04085,YT0016
CB05663,YT0001
CB04272,YT0015
CB04272,YT0003
CB04272,YT0006
CB05088,YT0011
CB04983,YT0015
CB04983,YT0007
CB04820,YT0009
CB05517,YT0020
CB05517,YT0008
CB04630,YT0012
CB04630,YT0002
CB04630,YT0011
CB05155,YT0013
CB05155,YT0010
CB05155,YT0011
CB05571,YT0015
CB05394,YT0014
CB04505,YT0003
CB04273,YT0003
CB04273,YT0004
CB04273,YT0015
CB04901,YT0012
CB04901,YT0001
CB05110,YT0011
CB04362,YT0001
CB05359,YT0015
CB04622,YT0017
CB04002,YT0018
CB04006,YT0014
CB04311,YT0004
CB05322,YT0016
CB05259,YT0003
CB04665,YT0019
CB04665,YT0010
CB04364,YT0006
CB04364,YT0020
CB05660,YT0016
CB05660,YT0020
CB04215,YT0007
CB04900,YT0001
CB04900,YT0012
CB04900,YT0009
CB04027,YT0016
CB04027,YT0012
CB04027,YT0003
CB05448,YT0002
CB05448,YT0005
CB05448,YT0018
CB04525,YT0019
CB04525,YT0005
CB05540,YT0015
CB05540,YT0013
CB05540,YT0002
CB04841,YT0020
CB04841,YT0006
CB04638,YT0002
CB04942,YT0018
CB04942,YT0008
CB04718,YT0014
CB04718,YT0005
CB04691,YT0009
CB04691,YT0012
CB04691,YT0007
CB05320,YT0020
CB05320,YT0018
CB04624,YT0016
CB04624,YT0003
CB04624,YT0008
CB04007,YT0010
CB04007,YT0004
CB04007,YT0009
CB04256,YT0015
CB04803,YT0005
CB04803,YT0009
CB04025,YT0001
CB04336,YT0012
CB04336,YT0002
CB04336,YT0020
CB04572,YT0001
CB04047,YT0020
CB04047,YT0012
CB05654,YT0007
CB05654,YT0017
CB04106,YT0003
CB04349,YT0010
CB04349,YT0014
CB04055,YT0010
CB04055,YT0004
CB05168,YT0002
CB04213,YT0009
CB04213,YT0003
CB04120,YT0012
CB04120,YT0010
CB05061,YT0016
CB05061,YT0001
CB04941,YT0007
CB04793,YT0019
CB04793,YT0012
CB04072,YT0020
CB04812,YT0007
CB04812,YT0006
CB05453,YT0010
CB04978,YT0004
CB04978,YT0020
CB04898,YT0007
CB04898,YT0011
CB04898,YT0002
CB04045,YT0013
CB05605,YT0002
CB05605,YT0019
CB05605,YT0015
CB04523,YT0010
CB04523,YT0003
CB04523,YT0002
CB04232,YT0005
CB04990,YT0011
CB04990,YT0010
CB05234,YT0010
CB05234,YT0018
CB05270,YT0016
CB05270,YT0005
CB05270,YT0001
CB04997,YT0010
CB04997,YT0020
CB04997,YT0016
CB04533,YT0020
CB05084,YT0011
CB05271,YT0003
CB04603,YT0003
CB04465,YT0001
CB04465,YT0016
CB04465,YT0014
CB05023,YT0006
CB05023,YT0015
CB04788,YT0005
CB05427,YT0004
CB05427,YT0020
CB04974,YT0006
CB04974,YT0007
CB04974,YT0008
CB05100,YT0014
CB04060,YT0001
CB04060,YT0013
CB04060,YT0020
CB05068,YT0018
CB04092,YT0012
CB04666,YT0003
CB04666,YT0009
CB04666,YT0011
CB04993,YT0015
CB04993,YT0010
CB04993,YT0001
CB05423,YT0012
CB05423,YT0006
CB04194,YT0005
CB04280,YT0006
CB04280,YT0007
CB04695,YT0007
CB04695,YT0008
CB04695,YT0006
CB04359,YT0016
CB04359,YT0010
CB04359,YT0001
CB04519,YT0017
CB04519,YT0005
CB04519,YT0007
CB05345,YT0020
CB05345,YT0008
CB05345,YT0007
CB04963,YT0013
CB04963,YT0015
CB04963,YT0014
CB04847,YT0002
CB04182,YT0018
CB04182,YT0015
CB04182,YT0012
CB05149,YT0004
CB05149,YT0016
CB05159,YT0015
CB05159,YT0011
CB04110,YT0005
CB05049,YT0003
CB05049,YT0001
CB05049,YT0009
CB05057,YT0010
CB04042,YT0005
CB04042,YT0015
CB04746,YT0011
CB04746,YT0014
CB04125,YT0004
CB04125,YT0019
CB04125,YT0001
CB04204,YT0018
CB04204,YT0003
CB04204,YT0017
CB05535,YT0005
CB04052,YT0003
CB05258,YT0004
CB05258,YT0013
CB04545,YT0012
CB04068,YT0002
CB04068,YT0010
CB05376,YT0011
CB05376,YT0012
CB05376,YT0008
CB04507,YT0010
CB04507,YT0017
CB04507,YT0011
CB05305,YT0002
CB04329,YT0004
CB04329,YT0017
CB04329,YT0002
CB05102,YT0017
CB04183,YT0020
CB04183,YT0010
CB04137,YT0003
CB04137,YT0013
CB04899,YT0013
CB04899,YT0018
CB04796,YT0018
CB04796,YT0006
CB04132,YT0002
CB04132,YT0008
CB04132,YT0001
CB04080,YT0001
CB04080,YT0017
CB05356,YT0015
CB05356,YT0001
CB04105,YT0020
CB05351,YT0006
CB04541,YT0009
CB04541,YT0001
CB04541,YT0014
CB04923,YT0004
CB04923,YT0001
CB04480,YT0005
CB04165,YT0005
CB04248,YT0020
CB04248,YT0003
CB04307,YT0019
CB04446,YT0017
CB04446,YT0013
CB05116,YT0011
CB05116,YT0002
CB05116,YT0008
CB04858,YT0019
CB04858,YT0005
CB04334,YT0008
CB04334,YT0003
CB04334,YT0016
CB05604,YT0008
CB05604,YT0006
CB04849,YT0017
CB04097,YT0019
CB04097,YT0013
CB05106,YT0012
CB05661,YT0016
CB04737,YT0003
CB04737,YT0004
CB04737,YT0012
CB05232,YT0018
CB05232,YT0012
CB05232,YT0015
CB05226,YT0007
CB05226,YT0014
CB05226,YT0005
CB04421,YT0014
CB04421,YT0010
CB04102,YT0011
CB04102,YT0004
CB04102,YT0003
CB04434,YT0016
CB04434,YT0002
CB04434,YT0014
CB04074,YT0010
CB04074,YT0006
CB05506,YT0009
CB05506,YT0011
CB05506,YT0017
CB04909,YT0008
CB04909,YT0005
CB04909,YT0001
CB05237,YT0015
CB05237,YT0012
CB05237,YT0010
CB04228,YT0018
CB05527,YT0008
CB04918,YT0010
CB04302,YT0011
CB05445,YT0019
CB05445,YT0007
CB05445,YT0004
CB05468,YT0001
CB05468,YT0020
CB05468,YT0009
CB05568,YT0001
CB05568,YT0012
CB04824,YT0004
CB04824,YT0005
CB04824,YT0009
CB04762,YT0020
CB04762,YT0017
CB04733,YT0016
CB04733,YT0007
CB04388,YT0019
CB04388,YT0001
CB04235,YT0014
CB04235,YT0005
CB04235,YT0009
CB05391,YT0003
CB05391,YT0002
CB04267,YT0017
CB04267,YT0016
CB04267,YT0020
CB04305,YT0009
CB05121,YT0012
CB05121,YT0020
CB04988,YT0005
CB04117,YT0004
CB04117,YT0003
CB04117,YT0002
CB05355,YT0005
CB04673,YT0007
CB04249,YT0002
CB05220,YT0019
CB05220,YT0013
CB05220,YT0006
CB05204,YT0013
CB04071,YT0006
CB04094,YT0018
CB04094,YT0013
CB04094,YT0005
CB05269,YT0013
CB05269,YT0014
CB04033,YT0006
CB04033,YT0015
CB04033,YT0005
CB04799,YT0001
CB05229,YT0020
CB05229,YT0014
CB05492,YT0008
CB04448,YT0013
CB04448,YT0002
CB04448,YT0004
CB04445,YT0014
CB04445,YT0010
CB04445,YT0017
CB04771,YT0009
CB04771,YT0013
CB04771,YT0004
CB04716,YT0007
CB04716,YT0017
CB05334,YT0013
CB05334,YT0001
CB05334,YT0020
CB05316,YT0008
CB05316,YT0006
CB05316,YT0007
CB04000,YT0014
CB05379,YT0002
CB05379,YT0012
CB05157,YT0010
CB04077,YT0012
CB04077,YT0001
CB04077,YT0020
CB04084,YT0017
CB04084,YT0011
CB04084,YT0007
CB04144,YT0005
CB04144,YT0018
CB04144,YT0014
CB04082,YT0002
CB04082,YT0004
CB04082,YT0008
CB04457,YT0020
CB04457,YT0010
CB05089,YT0007
CB05089,YT0016
CB05089,YT0017
CB04676,YT0015
CB05619,YT0006
CB05619,YT0001
CB05619,YT0019
CB05202,YT0015
CB05202,YT0008
CB04436,YT0017
CB04770,YT0008
CB04770,YT0011
CB04869,YT0007
CB04869,YT0008
CB04644,YT0016
CB04862,YT0003
CB04862,YT0009
CB04862,YT0005
CB05029,YT0003
CB05029,YT0014
CB04976,YT0020
CB05083,YT0008
CB05083,YT0001
CB05333,YT0014
CB05333,YT0013
CB05333,YT0012
CB05252,YT0017
CB04404,YT0020
CB05457,YT0012
CB05457,YT0011
CB05096,YT0019
CB05096,YT0003
CB05096,YT0020
CB05666,YT0013
CB04104,YT0009
CB04104,YT0005
CB04609,YT0017
CB04609,YT0003
CB05526,YT0004
CB05037,YT0006
CB05037,YT0008
CB04688,YT0020
CB05101,YT0004
CB05101,YT0006
CB04826,YT0012
CB04826,YT0020
CB04826,YT0004
CB05280,YT0005
CB05280,YT0013
CB05280,YT0016
CB05679,YT0017
CB05679,YT0004
CB05679,YT0010
CB04062,YT0013
CB04281,YT0017
CB04281,YT0015
CB04852,YT0007
CB04852,YT0009
CB04852,YT0001
CB04778,YT0004
CB05137,YT0002
CB05137,YT0020
CB05137,YT0007
CB04238,YT0014
CB04238,YT0003
CB04223,YT0019
CB04145,YT0011
CB04145,YT0010
CB04145,YT0007
CB05570,YT0018
CB05570,YT0001
CB05570,YT0020
CB04373,YT0011
CB04373,YT0014
CB05373,YT0003
CB05338,YT0020
CB05338,YT0017
CB04118,YT0014
CB05261,YT0002
CB05261,YT0004
CB05613,YT0010
CB05613,YT0008
CB05613,YT0020
CB05350,YT0009
CB05074,YT0013
CB05074,YT0001
CB04009,YT0005
CB04009,YT0016
CB04009,YT0006
CB04449,YT0007
CB04449,YT0004
CB04708,YT0016
CB04255,YT0004
CB04882,YT0008
CB04882,YT0010
CB04389,YT0005
CB04908,YT0004
CB04908,YT0007
CB04908,YT0014
CB04924,YT0003
CB04924,YT0013
CB05452,YT0019
CB05452,YT0018
CB05678,YT0001
CB05678,YT0006
CB05678,YT0007
CB04460,YT0011
CB04460,YT0013
CB04460,YT0009
CB05073,YT0017
CB05073,YT0020
CB04958,YT0012
CB04958,YT0001
CB04501,YT0013
CB04501,YT0004
CB04501,YT0010
CB04739,YT0003
CB05553,YT0011
CB04868,YT0010
CB04731,YT0011
CB04539,YT0004
CB04539,YT0005
CB04539,YT0015
CB04697,YT0004
CB05172,YT0012
CB05172,YT0014
CB05456,YT0019
CB05031,YT0014
CB05031,YT0011
CB04372,YT0003
CB04372,YT0007
CB04667,YT0012
CB04667,YT0003
CB05286,YT0017
CB05286,YT0011
CB05286,YT0009
CB04357,YT0003
CB04357,YT0019
CB04357,YT0017
CB04967,YT0011
CB04783,YT0005
CB04735,YT0014
CB04735,YT0010
CB04735,YT0002
CB05035,YT0018
CB04970,YT0018
CB04970,YT0013
CB05285,YT0002
CB05285,YT0001
CB05385,YT0013
CB05385,YT0001
CB05385,YT0014
CB05565,YT0002
CB05565,YT0007
CB05429,YT0016
CB05429,YT0017
CB05429,YT0018
CB05449,YT0018
CB05449,YT0007
CB04885,YT0006
CB04885,YT0011
CB04079,YT0015
CB04814,YT0020
CB04814,YT0013
CB05087,YT0020
CB04671,YT0008
CB05292,YT0012
CB05292,YT0019
CB04057,YT0004
CB04057,YT0015
CB04133,YT0006
CB04133,YT0011
CB04133,YT0014
CB04933,YT0007
CB04933,YT0016
CB04933,YT0012
CB05421,YT0014
CB05421,YT0008
CB04823,YT0007
CB04823,YT0010
CB04504,YT0002
CB05494,YT0013
CB04347,YT0007
CB04386,YT0013
CB04386,YT0005
CB05024,YT0018
CB05024,YT0003
CB04894,YT0002
CB04894,YT0012
CB04894,YT0008
CB04828,YT0001
CB05588,YT0001
CB04475,YT0016
CB05236,YT0018
CB05236,YT0005
CB05176,YT0004
CB05176,YT0003
CB05176,YT0015
CB04652,YT0004
CB04652,YT0020
CB04652,YT0015
CB04172,YT0014
CB04172,YT0019
CB04172,YT0001
CB04038,YT0007
CB04038,YT0011
CB04713,YT0001
CB04713,YT0018
CB04713,YT0009
CB04090,YT0006
CB05628,YT0007
CB05628,YT0014
CB04875,YT0002
CB04875,YT0020
CB04875,YT0019
CB05384,YT0004
CB05384,YT0005
CB05384,YT0010
CB05093,YT0013
CB05093,YT0015
CB05146,YT0014
CB05146,YT0013
CB05146,YT0004
CB05646,YT0013
CB04499,YT0005
CB04499,YT0006
CB04499,YT0009
CB04338,YT0001
CB04338,YT0016
CB04028,YT0005
CB05114,YT0004
CB05114,YT0006
CB05529,YT0006
CB05529,YT0018
CB05529,YT0011
CB04945,YT0014
CB04169,YT0018
CB04169,YT0007
CB04912,YT0003
CB04912,YT0020
CB04912,YT0010
CB04491,YT0011
CB04491,YT0004
CB04491,YT0019
CB04953,YT0009
CB04953,YT0005
CB04953,YT0004
CB05097,YT0007
CB05097,YT0019
CB05097,YT0015
CB05032,YT0005
CB05032,YT0004
CB05032,YT0017
CB04587,YT0015
CB04587,YT0017
CB04750,YT0020
CB04750,YT0012
CB04750,YT0014
CB04657,YT0003
CB04657,YT0014
CB04657,YT0016
CB04234,YT0003
CB04234,YT0006
CB04732,YT0019
CB04732,YT0001
CB05235,YT0001
CB05431,YT0013
CB04934,YT0002
CB04934,YT0007
CB04934,YT0013
CB05065,YT0014
CB05065,YT0015
CB04108,YT0007
CB04108,YT0018
CB05301,YT0017
CB04568,YT0015
CB04890,YT0018
CB04890,YT0005
CB04890,YT0016
CB04947,YT0001
CB05048,YT0005
CB05467,YT0008
CB05455,YT0013
CB05216,YT0007
CB05216,YT0016
CB05216,YT0006
CB04884,YT0011
CB04884,YT0007
CB04884,YT0008
CB05412,YT0005
CB04850,YT0007
CB04850,YT0004
CB04734,YT0011
CB04717,YT0004
CB04717,YT0007
CB04454,YT0009
CB04454,YT0012
CB04264,YT0012
CB04264,YT0009
CB04264,YT0011
CB04075,YT0001
CB04075,YT0016
CB04444,YT0016
CB04444,YT0017
CB04444,YT0020
CB04395,YT0003
CB04395,YT0005
CB04176,YT0002
CB04176,YT0020
CB05042,YT0005
CB05042,YT0016
CB05464,YT0011
CB05464,YT0018
CB05464,YT0007
CB05179,YT0004
CB05179,YT0002
CB05161,YT0002
CB04595,YT0016
CB04061,YT0017
CB04061,YT0020
CB04061,YT0002
CB04872,YT0017
CB04872,YT0001
CB05253,YT0004
CB05578,YT0001
CB05578,YT0006
CB04278,YT0019
CB04036,YT0002
CB04036,YT0013
CB04662,YT0009
CB05518,YT0005
CB05214,YT0014
CB05214,YT0011
CB04977,YT0018
CB04977,YT0012
CB04977,YT0008
CB05325,YT0015
CB05325,YT0006
CB05325,YT0016
CB04738,YT0007
CB04738,YT0002
CB04191,YT0009
CB04919,YT0017
CB04919,YT0008
CB04456,YT0011
CB04456,YT0012
CB04675,YT0012
CB04675,YT0010
CB04675,YT0017
CB04760,YT0008
CB04760,YT0015
CB05519,YT0012
CB04728,YT0017
CB04412,YT0004
CB05098,YT0011
CB05098,YT0008
CB04825,YT0019
CB04825,YT0013
CB04616,YT0004
CB04114,YT0005
CB04417,YT0012
CB05603,YT0017
CB04969,YT0016
CB04969,YT0018
CB04969,YT0020
CB04604,YT0006
CB04604,YT0013
CB04604,YT0018
CB05610,YT0016
CB05610,YT0015
CB05610,YT0006
CB04089,YT0019
CB04089,YT0010
CB04848,YT0018
CB05281,YT0010
CB05609,YT0004
CB05609,YT0012
CB05609,YT0020
CB04753,YT0002
CB04753,YT0010
CB04753,YT0017
CB04498,YT0015
CB04498,YT0010
CB04011,YT0004
CB04396,YT0001
CB04396,YT0003
CB04284,YT0008
CB04284,YT0020
CB05066,YT0007
CB05066,YT0017
CB04690,YT0016
CB04690,YT0010
CB04690,YT0005
CB05375,YT0010
CB05575,YT0017
CB05575,YT0007
CB04689,YT0016
CB04851,YT0013
CB04159,YT0005
CB04159,YT0013
CB04895,YT0004
CB04895,YT0016
CB05329,YT0010
CB05329,YT0006
CB04257,YT0011
CB04257,YT0009
CB04257,YT0017
CB04335,YT0003
CB04335,YT0007
CB04335,YT0018
CB05595,YT0020
CB05595,YT0010
CB05039,YT0008
CB05039,YT0018
CB05039,YT0014
CB04515,YT0009
CB05015,YT0007
CB05015,YT0005
CB04768,YT0004
CB05472,YT0007
CB05472,YT0001
CB05472,YT0006
CB04761,YT0002
CB04761,YT0005
CB05233,YT0001
CB05233,YT0012
CB05233,YT0003
CB05669,YT0016
CB05669,YT0018
CB04521,YT0009
CB04521,YT0012
CB04521,YT0017
CB04022,YT0008
CB04356,YT0003
CB05420,YT0012
CB04340,YT0017
CB04431,YT0007
CB04431,YT0012
CB04431,YT0002
CB04473,YT0006
CB04473,YT0017
CB04217,YT0016
CB04217,YT0012
CB04911,YT0018
CB05346,YT0017
CB05346,YT0014
CB05346,YT0010
CB05011,YT0004
CB05011,YT0005
CB05011,YT0015
CB05639,YT0014
CB05639,YT0019
CB05639,YT0001
CB04093,YT0005
CB05008,YT0014
CB05008,YT0010
CB05070,YT0015
CB05070,YT0013
CB05092,YT0001
CB05092,YT0008
CB04696,YT0009
CB04696,YT0016
CB05507,YT0011
CB05507,YT0018
CB04996,YT0013
CB04153,YT0007
CB04153,YT0004
CB04153,YT0003
CB05099,YT0011
CB05099,YT0006
CB05099,YT0010
CB05612,YT0016
CB05612,YT0007
CB05612,YT0005
CB05682,YT0020
CB04789,YT0015
CB04580,YT0005
CB04580,YT0020
CB04703,YT0006
CB05212,YT0004
CB05212,YT0011
CB05212,YT0001
CB05406,YT0013
CB04487,YT0016
CB04559,YT0017
CB04559,YT0002
CB04559,YT0013
CB05141,YT0011
CB05141,YT0008
CB05141,YT0016
CB05119,YT0018
CB05119,YT0006
CB05119,YT0002
CB04801,YT0013
CB04512,YT0013
CB04512,YT0020
CB04512,YT0012
CB04633,YT0009
CB05242,YT0009
CB05242,YT0004
CB05242,YT0003
CB05503,YT0005
CB05503,YT0016
CB05503,YT0018
CB05150,YT0001
CB05150,YT0018
CB04790,YT0007
CB04790,YT0008
CB04116,YT0005
CB04116,YT0006
CB04116,YT0016
CB04740,YT0001
CB05081,YT0017
CB05081,YT0019
CB05081,YT0015
CB04830,YT0004
CB04830,YT0007
CB04119,YT0001
CB04119,YT0013
CB04119,YT0018
CB04656,YT0010
CB05600,YT0020
CB04635,YT0004
CB04635,YT0015
CB04635,YT0005
CB04369,YT0018
CB04369,YT0009
CB04268,YT0015
CB04268,YT0018
CB04268,YT0007
CB04655,YT0011
CB04935,YT0005
CB04822,YT0015
CB04822,YT0001
CB04822,YT0002
CB04866,YT0019
CB04046,YT0020
CB05442,YT0003
CB04991,YT0002
CB04876,YT0015
CB04876,YT0004
CB04773,YT0014
CB04773,YT0017
CB05219,YT0004
CB05219,YT0019
CB05684,YT0014
CB05684,YT0001
CB05684,YT0005
CB04004,YT0008
CB04004,YT0014
CB05003,YT0013
CB05003,YT0006
CB05454,YT0016
CB05454,YT0001
CB05454,YT0006
CB04263,YT0007
CB04263,YT0020
CB05323,YT0013
CB05323,YT0004
CB05538,YT0015
CB05538,YT0004
CB05538,YT0007
CB04443,YT0005
CB04443,YT0002
CB05002,YT0018
CB05002,YT0004
CB05077,YT0004
CB05077,YT0020
CB05077,YT0001
CB04837,YT0009
CB04837,YT0014
CB04837,YT0006
CB05505,YT0001
CB04304,YT0006
CB04304,YT0010
CB05312,YT0020
CB04313,YT0016
CB04149,YT0018
CB04149,YT0011
CB05148,YT0003
CB05213,YT0011
CB05213,YT0020
CB04574,YT0015
CB04574,YT0013
CB04574,YT0010
CB04050,YT0005
CB04050,YT0001
CB05309,YT0017
CB05309,YT0020
CB05309,YT0012
CB04726,YT0009
CB04726,YT0006
CB04833,YT0011
CB04833,YT0020
CB05115,YT0016
CB05115,YT0011
CB05115,YT0013
CB05166,YT0015
CB05166,YT0002
CB04470,YT0018
CB04470,YT0020
CB04470,YT0017
CB04971,YT0011
CB04971,YT0002
CB04653,YT0019
CB04653,YT0011
CB04653,YT0006
CB04399,YT0016
CB04511,YT0016
CB04511,YT0017
CB04511,YT0004
CB04320,YT0012
CB04019,YT0016
CB04684,YT0016
CB04684,YT0017
CB04035,YT0007
CB04035,YT0011
CB04035,YT0016
CB04902,YT0005
CB04902,YT0013
CB04827,YT0011
CB05510,YT0019
CB05510,YT0016
CB05510,YT0014
CB04407,YT0018
CB04407,YT0015
CB04920,YT0001
CB04537,YT0017
CB04537,YT0010
CB04537,YT0012
CB04758,YT0020
CB04758,YT0010
CB05062,YT0016
CB05062,YT0012
CB05199,YT0016
CB05199,YT0005
CB05199,YT0013
CB04245,YT0005
CB04245,YT0014
CB05127,YT0007
CB05127,YT0019
CB04784,YT0019
CB04784,YT0016
CB04784,YT0003
CB04489,YT0008
CB04489,YT0007
CB04489,YT0004
CB04154,YT0002
CB04154,YT0017
CB04961,YT0005
CB04853,YT0007
CB04853,YT0003
CB04853,YT0002
CB04625,YT0018
CB04625,YT0003
CB04685,YT0005
CB04685,YT0018
CB04685,YT0010
CB04569,YT0009
CB05601,YT0005
CB04017,YT0010
CB04017,YT0013
CB04017,YT0012
CB04127,YT0013
CB05279,YT0009
CB05656,YT0011
CB05656,YT0008
CB05656,YT0001
CB04927,YT0008
CB04927,YT0009
CB04927,YT0005
CB04980,YT0014
CB04980,YT0020
CB04980,YT0003
CB05652,YT0001
CB04190,YT0018
CB05139,YT0017
CB05139,YT0010
CB04992,YT0003
CB04992,YT0007
CB05644,YT0015
CB05644,YT0012
CB05475,YT0014
CB04606,YT0004
CB04180,YT0013
CB04180,YT0005
CB04180,YT0012
CB04301,YT0005
CB04496,YT0018
CB05443,YT0007
CB05443,YT0013
CB05443,YT0006
CB05402,YT0001
CB05537,YT0009
CB05537,YT0005
CB04517,YT0004
CB05069,YT0013
CB05069,YT0003
CB04476,YT0008
CB04476,YT0012
CB04157,YT0007
CB04157,YT0020
CB05243,YT0010
CB05243,YT0014
CB05195,YT0001
CB04016,YT0014
CB05072,YT0007
CB05072,YT0016
CB05659,YT0018
CB05659,YT0019
CB05659,YT0020
CB04546,YT0020
CB04546,YT0013
CB04546,YT0017
CB04658,YT0003
CB04658,YT0002
CB04658,YT0012
CB05370,YT0015
CB05370,YT0012
CB05370,YT0003
CB05019,YT0017
CB05019,YT0016
CB05403,YT0008
CB04959,YT0007
CB05581,YT0004
CB05581,YT0008
CB04283,YT0010
CB04797,YT0013
CB04797,YT0007
CB04797,YT0020
CB05497,YT0012
CB05497,YT0006
CB05497,YT0010
CB04225,YT0018
CB04026,YT0006
CB05490,YT0009
CB05490,YT0001
CB05490,YT0005
CB04437,YT0016
CB05677,YT0004
CB04229,YT0020
CB04229,YT0009
CB04229,YT0013
CB04037,YT0017
CB04749,YT0006
CB04749,YT0001
CB05045,YT0015
CB04469,YT0002
CB05428,YT0019
CB05428,YT0014
CB05428,YT0003
CB05655,YT0008
CB05655,YT0011
CB05655,YT0009
CB04687,YT0012
CB05547,YT0017
CB05547,YT0019
CB04639,YT0015
CB04639,YT0019
CB04639,YT0011
CB05446,YT0017
CB05446,YT0015
CB05446,YT0011
CB05218,YT0020
CB05218,YT0019
CB05158,YT0004
CB05158,YT0005
CB05158,YT0017
CB05670,YT0006
CB05670,YT0002
CB05670,YT0007
CB05300,YT0010
CB05300,YT0019
CB05300,YT0017
CB05531,YT0011
CB05531,YT0008
CB05531,YT0002
CB04800,YT0004
CB04800,YT0020
CB04160,YT0014
CB04160,YT0015
CB04160,YT0012
CB04956,YT0013
CB04956,YT0017
CB05186,YT0014
CB05186,YT0004
CB04821,YT0004
CB04821,YT0001
CB05419,YT0006
CB05419,YT0002
CB04877,YT0016
CB04877,YT0011
CB04877,YT0018
CB04913,YT0001
CB04152,YT0016
CB05542,YT0003
CB05542,YT0019
CB05542,YT0018
CB04509,YT0018
CB05135,YT0013
CB05135,YT0018
CB05250,YT0011
CB05250,YT0016
CB05250,YT0013
CB05404,YT0014
CB05404,YT0012
CB05404,YT0001
CB04103,YT0007
CB04586,YT0016
CB05488,YT0018
CB05488,YT0016
CB05488,YT0013
CB05143,YT0010
CB05143,YT0014
CB05143,YT0018
CB04053,YT0017
CB04053,YT0006
CB04151,YT0020
CB04151,YT0001
CB04403,YT0015
CB04403,YT0019
CB05633,YT0012
CB05633,YT0011
CB04207,YT0019
CB04207,YT0011
CB04207,YT0008
CB05637,YT0016
CB05122,YT0002
CB05122,YT0017
CB05474,YT0019
CB05474,YT0001
CB04008,YT0008
CB05014,YT0008
CB05014,YT0001
CB05014,YT0014
CB05509,YT0017
CB05060,YT0011
CB05060,YT0002
CB04452,YT0011
CB04452,YT0017
CB04452,YT0018
CB04253,YT0014
CB04253,YT0013
CB04253,YT0005
CB05327,YT0013
CB05327,YT0006
CB05327,YT0001
CB04896,YT0020
CB04896,YT0004
CB04896,YT0002
CB05462,YT0011
CB04880,YT0016
CB04880,YT0012
CB05606,YT0005
CB05606,YT0012
CB05606,YT0014
CB04623,YT0004
CB04623,YT0020
CB04345,YT0006
CB05438,YT0018
CB04262,YT0018
CB05321,YT0001
CB05321,YT0003
CB04150,YT0013
CB04472,YT0009
CB04640,YT0008
CB04640,YT0015
CB05668,YT0001
CB05668,YT0004
CB05668,YT0007
CB05582,YT0013
CB04550,YT0014
CB04550,YT0018
CB04928,YT0020
CB04488,YT0004
CB05523,YT0001
CB05523,YT0019
CB05523,YT0011
CB05171,YT0006
CB04146,YT0018
CB04146,YT0015
CB05620,YT0015
CB05620,YT0012
CB04402,YT0012
CB04402,YT0013
CB04954,YT0008
CB04954,YT0006
CB05577,YT0001
CB05577,YT0005
CB04659,YT0011
CB04659,YT0014
CB04659,YT0005
CB05372,YT0010
CB04463,YT0010
CB05349,YT0019
CB05349,YT0002
CB05349,YT0020
CB04186,YT0011
CB05147,YT0017
CB05224,YT0002
CB05224,YT0008
CB05224,YT0005
CB04608,YT0012
CB04608,YT0013
CB04608,YT0017
CB04143,YT0013
CB04143,YT0017
CB04143,YT0012
CB04751,YT0019
CB04981,YT0011
CB04981,YT0009
CB04981,YT0004
CB04197,YT0001
CB04197,YT0004
CB04883,YT0007
CB04883,YT0004
CB04883,YT0003
CB04279,YT0008
CB04293,YT0020
CB04293,YT0015
CB04293,YT0006
CB05532,YT0004
CB05532,YT0005
CB04400,YT0016
CB04400,YT0019
CB04400,YT0001
CB04122,YT0015
CB04122,YT0001
CB04122,YT0004
CB05207,YT0012
CB05207,YT0015
CB05207,YT0014
CB04202,YT0019
CB04202,YT0020
CB04202,YT0014
CB04835,YT0012
CB04835,YT0011
CB04246,YT0006
CB04246,YT0005
CB05439,YT0014
CB05596,YT0008
CB05580,YT0006
CB05580,YT0002
CB05580,YT0017
CB05153,YT0004
CB05153,YT0001
CB05426,YT0015
CB04384,YT0016
CB05483,YT0020
CB05483,YT0006
CB05483,YT0005
CB04854,YT0013
CB04854,YT0001
CB04219,YT0016
CB04219,YT0015
CB04219,YT0014
CB04641,YT0008
CB04641,YT0015
CB04641,YT0011
CB04001,YT0019
CB04001,YT0003
CB04001,YT0015
CB04112,YT0015
CB04698,YT0003
CB04698,YT0004
CB04698,YT0005
CB05607,YT0005
CB04951,YT0008
CB04951,YT0018
CB04951,YT0002
CB05473,YT0014
CB05410,YT0007
CB05409,YT0020
CB05291,YT0012
CB05291,YT0008
CB05520,YT0004
CB05520,YT0016
CB05520,YT0006
CB04441,YT0016
CB04441,YT0005
CB04441,YT0004
CB05136,YT0018
CB05136,YT0012
CB05136,YT0016
CB05256,YT0018
CB05256,YT0016
CB05256,YT0015
CB05397,YT0007
CB04663,YT0007
CB04663,YT0001
CB05541,YT0011
CB05541,YT0019
CB05541,YT0016
CB05257,YT0003
CB05257,YT0005
CB05257,YT0001
CB05493,YT0001
CB04317,YT0007
CB04317,YT0011
CB04648,YT0005
CB04648,YT0019
CB04648,YT0014
CB05434,YT0008
CB05479,YT0002
CB05479,YT0009
CB04709,YT0019
CB05382,YT0004
CB05382,YT0015
CB05382,YT0007
CB05282,YT0011
CB05282,YT0001
CB05282,YT0008
CB04972,YT0014
CB04627,YT0003
CB04627,YT0010
CB04632,YT0002
CB04632,YT0001
CB05306,YT0011
CB05306,YT0009
CB05400,YT0002
CB05400,YT0011
CB05400,YT0006
CB05408,YT0009
CB05248,YT0006
CB05248,YT0017
CB05642,YT0019
CB05642,YT0015
CB05254,YT0004
CB05254,YT0010
CB05496,YT0019
CB05371,YT0010
CB05371,YT0014
CB05371,YT0008
CB05354,YT0004
CB05617,YT0002
CB05552,YT0011
CB04795,YT0005
CB04795,YT0002
CB04795,YT0004
CB04645,YT0002
CB04645,YT0010
CB04645,YT0015
CB05012,YT0014
CB05012,YT0012
CB04556,YT0020
CB04681,YT0013
CB04577,YT0011
CB05109,YT0019
CB05266,YT0020
CB05266,YT0003
CB05183,YT0019
CB05183,YT0004
CB05183,YT0008
CB04524,YT0010
CB04524,YT0002
CB05059,YT0002
CB05059,YT0003
CB04540,YT0004
CB04540,YT0019
CB04540,YT0015
CB05194,YT0015
CB05194,YT0009
CB05194,YT0001
CB04748,YT0009
CB04748,YT0006
CB05555,YT0006
CB05430,YT0005
CB05430,YT0009
CB04484,YT0012
CB04484,YT0006
CB04484,YT0005
CB04095,YT0001
CB04095,YT0009
CB04095,YT0020
CB05020,YT0013
CB05020,YT0002
CB05020,YT0007
CB04563,YT0012
CB04563,YT0006
CB05264,YT0014
CB05264,YT0008
CB05264,YT0018
CB04742,YT0003
CB04863,YT0005
CB04863,YT0006
CB04863,YT0014
CB05484,YT0012
CB04891,YT0012
CB05038,YT0001
CB04206,YT0011
CB04206,YT0003
CB04392,YT0009
CB04794,YT0017
CB04794,YT0011
CB04794,YT0004
CB04870,YT0009
CB04870,YT0017
CB04870,YT0020
CB04397,YT0001
CB04397,YT0006
CB04397,YT0007
CB04766,YT0012
CB04766,YT0006
CB04766,YT0014
CB05545,YT0016
CB05241,YT0008
CB05028,YT0008
CB04642,YT0020
CB04642,YT0010
CB04642,YT0018
CB05587,YT0003
CB05587,YT0014
CB05587,YT0010
CB04612,YT0016
CB04612,YT0014
CB04960,YT0017
CB04960,YT0020
CB04960,YT0012
CB04725,YT0005
CB04725,YT0004
CB04683,YT0010
CB04098,YT0020
CB04098,YT0012
CB04804,YT0018
CB04804,YT0012
CB04804,YT0004
CB04406,YT0014
CB04406,YT0002
CB04406,YT0015
CB04502,YT0008
CB04502,YT0016
CB04502,YT0012
CB05071,YT0002
CB05071,YT0005
CB05056,YT0006
CB04929,YT0019
CB04929,YT0017
CB04779,YT0016
CB04779,YT0003
CB04200,YT0016
CB04200,YT0013
CB04200,YT0008
CB04134,YT0011
CB05051,YT0003
CB05051,YT0008
CB04040,YT0003
CB05017,YT0007
CB05017,YT0019
CB04230,YT0010
CB05513,YT0007
CB05513,YT0012
CB05513,YT0017
CB04378,YT0007
CB04378,YT0006
CB04288,YT0014
CB04288,YT0010
CB04418,YT0010
CB04418,YT0011
CB04391,YT0002
CB04391,YT0015
CB04391,YT0012
CB04592,YT0016
CB04592,YT0020
CB05522,YT0011
CB05162,YT0012
CB05162,YT0009
CB05086,YT0016
CB05086,YT0003
CB05086,YT0004
CB05495,YT0012
CB04647,YT0013
CB04647,YT0011
CB04647,YT0005
CB05152,YT0008
CB05367,YT0009
CB04520,YT0002
CB04064,YT0015
CB04064,YT0005
CB04064,YT0007
CB04014,YT0012
CB04014,YT0014
CB04014,YT0005
CB05180,YT0006
CB05180,YT0014
CB05180,YT0012
CB05064,YT0005
CB05064,YT0014
CB04492,YT0012
CB04492,YT0009
CB04379,YT0009
CB04379,YT0003
CB04379,YT0005
CB04187,YT0012
CB04763,YT0003
CB04763,YT0007
CB04763,YT0015
CB04216,YT0020
CB04216,YT0009
CB04791,YT0003
CB04791,YT0006
CB05076,YT0004
CB04878,YT0008
CB04337,YT0014
CB04719,YT0004
CB04719,YT0012
CB04719,YT0014
CB04295,YT0003
CB04295,YT0011
CB04295,YT0010
CB05016,YT0007
CB05016,YT0019
CB05275,YT0018
CB05275,YT0005
CB05275,YT0020
CB05485,YT0007
CB04455,YT0012
CB04455,YT0010
CB04455,YT0011
CB05681,YT0015
CB05681,YT0009
CB04815,YT0009
CB04815,YT0016
CB04815,YT0014
CB04269,YT0012
CB04269,YT0020
CB04995,YT0001
CB04201,YT0011
CB04201,YT0005
CB04201,YT0009
CB04161,YT0004
CB04161,YT0001
CB04161,YT0009
CB05579,YT0017
CB05579,YT0016
CB04729,YT0019
CB04729,YT0018
CB04729,YT0008
CB04401,YT0019
CB04702,YT0015
CB04702,YT0009
CB04702,YT0011
CB05500,YT0018
CB05500,YT0008
CB05129,YT0020
CB04565,YT0012
CB04565,YT0006
CB05413,YT0013
CB05413,YT0002
CB05021,YT0007
CB05021,YT0015
CB05025,YT0002
CB05411,YT0006
CB05411,YT0007
CB05585,YT0005
CB05585,YT0012
CB05585,YT0015
CB05104,YT0007
CB04205,YT0012
CB04205,YT0018
CB04034,YT0006
CB04034,YT0001
CB04775,YT0014
CB04775,YT0019
CB04508,YT0013
CB05451,YT0003
CB05478,YT0001
CB05658,YT0002
CB05658,YT0015
CB05390,YT0014
CB05390,YT0007
CB05390,YT0020
CB04091,YT0006
CB04091,YT0008
CB05363,YT0019
CB05363,YT0003
CB05363,YT0008
CB04897,YT0017
CB04897,YT0001
CB04564,YT0017
CB04564,YT0005
CB04564,YT0004
CB05369,YT0016
CB05369,YT0001
CB04776,YT0015
CB04241,YT0019
CB04241,YT0013
CB04013,YT0011
CB04013,YT0018
CB04013,YT0019
CB04315,YT0015
CB04315,YT0020
CB04600,YT0020
CB04387,YT0003
CB05297,YT0011
CB05297,YT0016
CB04166,YT0020
CB04166,YT0003
CB04166,YT0013
CB04840,YT0013
CB04840,YT0009
CB04840,YT0010
CB04020,YT0016
CB04646,YT0003
CB04646,YT0013
CB05508,YT0001
CB05508,YT0015
CB05508,YT0004
CB05154,YT0010
CB05154,YT0011
CB05154,YT0001
CB05528,YT0005
CB05528,YT0014
CB05528,YT0008
CB04831,YT0019
CB04831,YT0008
CB04831,YT0007
CB05267,YT0011
CB05267,YT0017
CB05267,YT0009
CB05590,YT0018
CB05590,YT0010
CB05590,YT0016
CB04562,YT0016
CB04562,YT0009
CB05641,YT0014
CB05641,YT0004
CB04686,YT0019
CB04686,YT0006
CB04957,YT0017
CB04189,YT0006
CB04189,YT0008
CB04189,YT0005
CB04975,YT0017
CB04975,YT0018
CB04975,YT0013
CB04699,YT0006
CB04699,YT0011
CB04699,YT0014
CB05499,YT0016
CB04510,YT0010
CB04510,YT0009
CB05082,YT0003
CB04474,YT0007
CB05584,YT0011
CB05584,YT0020
CB05584,YT0016
CB04856,YT0006
CB04856,YT0019
CB04747,YT0006
CB04747,YT0002
CB04252,YT0012
CB04252,YT0009
CB04252,YT0019
CB04021,YT0020
CB04021,YT0016
CB05337,YT0019
CB05337,YT0008
CB04459,YT0008
CB05184,YT0001
CB05184,YT0014
CB05184,YT0002
CB04276,YT0009
CB04276,YT0012
CB04276,YT0018
CB04955,YT0003
CB04955,YT0016
CB04955,YT0013
CB05215,YT0010
CB05215,YT0018
CB05215,YT0019
CB04385,YT0014
CB04385,YT0011
CB04385,YT0019
CB04805,YT0008
CB04805,YT0002
CB05437,YT0012
CB05515,YT0006
CB04343,YT0005
CB04769,YT0002
CB04769,YT0005
CB04769,YT0019
CB05332,YT0020
CB05332,YT0009
CB04130,YT0003
CB04871,YT0016
CB04871,YT0011
CB05123,YT0015
CB05123,YT0013
CB05396,YT0005
CB05396,YT0007
CB04087,YT0003
CB05482,YT0008
CB04330,YT0013
CB04330,YT0012
CB04330,YT0004
CB05238,YT0011
CB05238,YT0018
CB05238,YT0009
CB04466,YT0012
CB04466,YT0004
CB04466,YT0013
CB04121,YT0006
CB04121,YT0018
CB05638,YT0010
CB05638,YT0016
CB05638,YT0019
CB05044,YT0009
CB05095,YT0015
CB05095,YT0013
CB05130,YT0009
CB05130,YT0020
CB05130,YT0019
CB05294,YT0004
CB05294,YT0020
CB04860,YT0012
CB04860,YT0008
CB05459,YT0009
CB05459,YT0010
CB05459,YT0020
CB05126,YT0001
CB05126,YT0005
